top query,search interest,increase percent,trend indicator
waterless shampoo,100,20%,waterless beauty
waterless skincare,59,-50%,waterless beauty
waterless pedicure,58,70%,waterless beauty
olive tree people,43,20%,waterless beauty
how to repair skin barrier,100,10%,skin barrier repair
barrier repair cream,89,40%,skin barrier repair
skin barrier repair cream,82,30%,skin barrier repair
skin barrier cream,81,30%,skin barrier repair
barrier cream,79,30%,skin barrier repair
barrier repair moisturizer,60,30%,skin barrier repair
skin barrier repair products,34,-30%,skin barrier repair
skin barrier serum,31,4%,skin barrier repair
skin barrier repair serum,31,4%,skin barrier repair
barrier repair serum,31,4%,skin barrier repair
damaged skin barrier repair,27,-20%,skin barrier repair
damaged skin barrier,27,-20%,skin barrier repair
best barrier repair cream,21,30%,skin barrier repair
niacinamide,20,200%,skin barrier repair
skin barrier repair ingredients,18,40%,skin barrier repair
products for skin barrier repair,18,20%,skin barrier repair
products to repair skin barrier,17,-5%,skin barrier repair
how long to repair skin barrier,16,-10%,skin barrier repair
best skin barrier repair products,16,-20%,skin barrier repair
how to repair damaged skin barrier,14,-30%,skin barrier repair
how to repair skin barrier on face,13,8%,skin barrier repair
cerave,13,8%,skin barrier repair
la roche posay skin barrier repair,13,-7%,skin barrier repair
la roche posay,13,-10%,skin barrier repair
la roche posay barrier repair,13,-9%,skin barrier repair
how to repair your skin barrier,10,-30%,skin barrier repair
hyaluronic acid,10,7%,skin barrier repair
barrier repair moisturizers,10,90%,skin barrier repair
cicaplast,9,30%,skin barrier repair
skin barrier damage,8,-1%,skin barrier repair
how long does it take to repair skin barrier,8,-20%,skin barrier repair
byoma,8,250%,skin barrier repair
byoma barrier repair,8,300%,skin barrier repair
ceramide moisturizer,8,130%,skin barrier repair
retinol,7,-30%,skin barrier repair
tretinoin,6,-7%,skin barrier repair
centella,6,140%,skin barrier repair
broken skin barrier,5,-5%,skin barrier repair
la roche posay moisturizer,5,-2%,skin barrier repair
avene,5,20%,skin barrier repair
the ordinary,5,-40%,skin barrier repair
vanicream,4,-7%,skin barrier repair
rosacea,4,-20%,skin barrier repair
aquaphor,4,10%,skin barrier repair
sephora,4,-20%,skin barrier repair
paula's choice,4,-40%,skin barrier repair
paula's choice barrier repair,4,-40%,skin barrier repair
ulta,4,-40%,skin barrier repair
azelaic acid,4,40%,skin barrier repair
how to fix skin barrier,4,-3%,skin barrier repair
nutrafol root purifier scalp microbiome shampoo,100,-40%,scalp microbiome
107 scalp purifying microbiome shampoo,85,-60%,scalp microbiome
what is slugging,100,70%,slugging skincare
what is slugging skincare,99,70%,slugging skincare
slugging skin,49,20%,slugging skincare
what is slugging in skincare,27,100%,slugging skincare
slugging skincare reddit,26,100%,slugging skincare
aquaphor,19,30%,slugging skincare
what does slugging mean in skincare,12,80%,slugging skincare
slugging meaning skincare,12,-20%,slugging skincare
slugging meaning,12,-20%,slugging skincare
occlusive,11,100%,peptide serum
cerave healing ointment,5,30%,peptide serum
multi peptide serum,100,-30%,peptide serum
ordinary,95,-40%,peptide serum
ordinary peptide serum,90,-40%,peptide serum
copper peptide serum,89,50%,peptide serum
copper peptide,88,50%,peptide serum
best peptide serum,85,20%,peptide serum
peptide hair serum,83,60%,peptide serum
hair peptide serum,83,60%,peptide serum
the ordinary peptide serum,66,-40%,peptide serum
the ordinary,65,-40%,peptide serum
collagen peptide serum,53,20%,peptide serum
multi peptide serum ordinary,52,-40%,peptide serum
what is peptide serum,51,50%,peptide serum
ordinary multi peptide serum,50,-50%,peptide serum
peptide eye serum,49,-20%,peptide serum
peptides,44,20%,peptide serum
medicube,44,Breakout,peptide serum
medicube peptide serum,43,Breakout,peptide serum
the ordinary multi peptide,39,-30%,peptide serum
peptide serum for hair,38,50%,peptide serum
the ordinary multi peptide serum,35,-40%,peptide serum
retinol,35,-20%,peptide serum
medicube pink peptide serum,34,Breakout,peptide serum
retinol peptide serum,34,-20%,peptide serum
pdrn pink peptide serum,32,Breakout,peptide serum
vitamin c serum,32,-40%,peptide serum
cosrx peptide,30,150%,peptide serum
cosrx,30,150%,peptide serum
cosrx peptide serum,30,150%,peptide serum
peptide serum for face,27,6%,peptide serum
medicube pdrn pink peptide serum,26,Breakout,peptide serum
ordinary peptide hair serum,25,-20%,peptide serum
ordinary hair peptide serum,25,-20%,peptide serum
peptide lash serum,24,-30%,peptide serum
ghk-cu peptide,23,1000%,peptide serum
ghk-cu,23,1150%,peptide serum
super peptide serum,23,-5%,peptide serum
ghk-cu peptide serum,23,1000%,peptide serum
peptide moisturizer,23,-30%,peptide serum
hyaluronic acid,22,-30%,peptide serum
hyaluronic acid serum,22,-30%,peptide serum
niacinamide,20,-10%,peptide serum
niacinamide serum,20,-10%,peptide serum
naturium,19,30%,peptide serum
naturium peptide serum,19,20%,peptide serum
multi peptide hair serum,19,-40%,peptide serum
the ordinary peptide serum hair,18,-20%,peptide serum
the ordinary peptide hair serum,17,-20%,peptide serum
cosrx peptide booster,17,400%,peptide serum
peptide serum benefits,15,30%,peptide serum
retinol alternative serum,100,30%,retinol alternative
retinol serum,100,30%,retinol alternative
alternative to retinol,85,10%,retinol alternative
bakuchiol,74,20%,retinol alternative
bakuchiol retinol,74,20%,retinol alternative
retinol cream,58,10%,retinol alternative
best retinol alternative,52,-2%,retinol alternative
best retinol,51,-2%,retinol alternative
bakuchiol serum,38,70%,retinol alternative
retinol pregnancy,37,-20%,retinol alternative
retinol alternative pregnancy,37,-20%,retinol alternative
natural retinol alternative,28,-20%,retinol alternative
what is retinol,27,30%,retinol alternative
herbivore,26,80%,retinol alternative
pregnancy safe retinol alternative,20,-8%,retinol alternative
herbivore bakuchiol,18,160%,retinol alternative
herbivore bakuchiol retinol alternative serum,14,180%,retinol alternative
herbivore bakuchiol serum,14,170%,retinol alternative
retinol alternative for pregnancy,13,-40%,retinol alternative
kora organics,11,100%,retinol alternative
kora organics retinol alternative,10,120%,retinol alternative
caudalie,10,20%,retinol alternative
natural alternative to retinol,10,-30%,retinol alternative
niacinamide,9,8%,retinol alternative
tretinoin,9,-30%,retinol alternative
cerave retinol,9,40%,retinol alternative
bakuchiol oil,7,50%,retinol alternative
vitamin c serum,7,-30%,retinol alternative
hyaluronic acid,7,-10%,retinol alternative
bakuchiol pregnancy,6,-30%,retinol alternative
the ordinary,6,-10%,retinol alternative
kora organics plant stem cell retinol alternative serum,6,250%,retinol alternative
azelaic acid,5,-30%,retinol alternative
best bakuchiol serum,5,40%,retinol alternative
sephora,4,-40%,retinol alternative
what does retinol do,4,40%,retinol alternative
bakuchiol vs retinol,4,-7%,retinol alternative
cetaphil retinol alternative serum,4,200%,retinol alternative
adapalene,4,20%,retinol alternative
indie lee retinol alternative cream,3,-50%,retinol alternative
tretinoin cream,3,-2%,retinol alternative
eminence,3,-30%,retinol alternative
ulta,3,-50%,retinol alternative
bakuchiol eye cream,3,-4%,retinol alternative
herbivore moon fruit retinol alternative serum,2,6%,retinol alternative
cerave resurfacing retinol serum,2,Breakout,retinol alternative
retinol vs retinoid,2,-30%,retinol alternative
best vitamin c serum,2,-50%,retinol alternative
tretinoin vs retinol,2,-40%,retinol alternative
good molecules,2,-1%,retinol alternative
nyx,100,7%,lip liner
nyx lip liner,99,6%,lip liner
lip liner nyx,99,6%,lip liner
mac,59,6%,lip liner
mac lip liner,51,-10%,lip liner
brown lip liner,33,-8%,lip liner
lip liner stain,32,250%,lip liner
lip stain,32,250%,lip liner
best lip liner,32,-8%,lip liner
lip stain liner,32,250%,lip liner
lip gloss,28,1%,lip liner
maybelline,25,80%,lip liner
maybelline lip liner,25,70%,lip liner
elf lip liner,23,50%,lip liner
elf,23,40%,lip liner
lip liner pencil,23,10%,lip liner
black lip liner,22,40%,lip liner
sephora lip liner,21,20%,lip liner
nude lip liner,21,-20%,lip liner
sephora,21,20%,lip liner
lip liner set,18,140%,lip liner
charlotte tilbury lip liner,17,-6%,lip liner
charlotte tilbury,17,-4%,lip liner
ulta,16,-3%,lip liner
makeup forever,15,100%,lip liner
makeup forever lip liner,15,90%,lip liner
blush,14,30%,lip liner
rhode lip liner,14,1250%,lip liner
rhode,13,1150%,lip liner
revlon lip liner,12,40%,lip liner
mauve lip liner,11,70%,lip liner
morphe lip liner,11,-8%,lip liner
peel off lip liner,11,600%,lip liner
fenty lip liner,10,90%,lip liner
eyeliner,10,-20%,lip liner
mario lip liner,9,90%,lip liner
sacheu lip liner,9,60%,lip liner
nyx lip stain,9,1600%,lip liner
rimmel lip liner,9,6%,lip liner
kylie lip liner,8,-20%,lip liner
nyx lip liner stain,8,1550%,lip liner
concealer,8,9%,lip liner
pillow talk lip liner,8,-30%,lip liner
foundation,8,6%,lip liner
mascara,8,20%,lip liner
waterproof lip liner,7,60%,lip liner
huda lip liner,7,50%,lip liner
milani lip liner,7,-7%,lip liner
cold brew lip liner,7,90%,lip liner
colourpop lip liner,7,1%,lip liner
rare beauty liquid blush,100,-20%,liquid blush
liquid blush rare beauty,99,-30%,liquid blush
rare beauty blush liquid,99,-20%,liquid blush
rare beauty,98,-30%,liquid blush
rare beauty blush,96,-30%,liquid blush
elf blush,94,4%,liquid blush
elf blush liquid,90,-1%,liquid blush
elf,89,0%,liquid blush
liquid blush elf,86,-6%,liquid blush
elf liquid blush,85,0%,liquid blush
cream blush,67,80%,liquid blush
powder blush,64,70%,liquid blush
best blush,59,-20%,liquid blush
best blush liquid,59,-20%,liquid blush
best liquid blush,58,-20%,liquid blush
soft pinch liquid blush,57,100%,liquid blush
rare beauty soft pinch liquid blush,52,140%,liquid blush
makeup,46,-4%,liquid blush
nars liquid blush,42,-20%,liquid blush
nars blush,40,-40%,liquid blush
nars blush liquid,40,-40%,liquid blush
nars,39,-40%,liquid blush
camo liquid blush,38,80%,liquid blush
foundation,37,20%,liquid blush
liquid blush brush,30,20%,liquid blush
blush brush,30,20%,liquid blush
concealer,29,4%,liquid blush
pink liquid blush,29,50%,liquid blush
bronzer,28,9%,liquid blush
liquid bronzer,28,7%,liquid blush
saie liquid blush,25,170%,liquid blush
saie,25,160%,liquid blush
elf camo liquid blush,23,10%,liquid blush
liquid blush sephora,22,-20%,liquid blush
sephora,21,-20%,liquid blush
sephora liquid blush,21,-20%,liquid blush
maybelline,20,80%,liquid blush
maybelline liquid blush,20,70%,liquid blush
nyx liquid blush,19,4%,liquid blush
nyx blush,19,4%,liquid blush
contour,18,-20%,liquid blush
liquid highlighter,18,-40%,liquid blush
highlighter,18,-40%,liquid blush
mascara,18,-2%,liquid blush
ulta,17,-50%,liquid blush
ulta liquid blush,17,-50%,liquid blush
liquid blush ulta,17,-50%,liquid blush
primer,17,-6%,liquid blush
milani blush,16,-5%,liquid blush
milani liquid blush,16,-5%,liquid blush
estee lauder solid perfume,100,400%,Solid perfume
solid perfume compact,91,400%,Solid perfume
solid perfume diptyque,41,-20%,Solid perfume
diptyque solid perfume,41,-20%,Solid perfume
diptyque perfume,41,-20%,Solid perfume
diptyque,41,-20%,Solid perfume
best solid perfume,40,10%,Solid perfume
what is solid perfume,34,-20%,Solid perfume
solid perfume dior,33,20%,Solid perfume
dior,32,20%,Solid perfume
dior solid perfume,32,10%,Solid perfume
glossier solid perfume,31,-70%,Solid perfume
glossier perfume,31,-70%,Solid perfume
glossier perfume solid,31,-70%,Solid perfume
solid glossier perfume,31,-70%,Solid perfume
glossier,31,-70%,Solid perfume
solid perfume for women,28,300%,Solid perfume
solid perfume stick,23,20%,Solid perfume
lush solid perfume,23,-20%,Solid perfume
solid perfume lush,22,-20%,Solid perfume
lush,22,-20%,Solid perfume
vanilla solid perfume,18,110%,Solid perfume
glossier you solid perfume,17,-30%,Solid perfume
glossier you perfume solid,17,-30%,Solid perfume
glossier you perfume,17,-30%,Solid perfume
glossier you solid,17,-30%,Solid perfume
glossier you,17,-30%,Solid perfume
miss dior perfume,16,7%,Solid perfume
miss dior solid perfume,16,2%,Solid perfume
how to make solid perfume,15,-50%,Solid perfume
solid cologne,12,-20%,Solid perfume
solid perfumes,11,-20%,Solid perfume
solid perfume recipe,10,-30%,Solid perfume
how to use solid perfume,10,-40%,Solid perfume
sol de janeiro solid perfume,10,140%,Solid perfume
sol de janeiro,9,200%,Solid perfume
diy solid perfume,8,-20%,Solid perfume
miss dior mini miss solid perfume,8,20%,Solid perfume
sephora,8,-40%,Solid perfume
jasmine solid perfume,5,10%,Solid perfume
midnight perfume,5,Breakout,Solid perfume
jo malone,5,-80%,Solid perfume
sidia solid perfume,5,Breakout,Solid perfume
orpheon solid perfume,5,50%,Solid perfume
jo malone solid perfume,5,-80%,Solid perfume
dior solid perfume stick,4,-40%,Solid perfume
fragrantica,4,90%,Solid perfume
philosykos solid perfume,4,-40%,Solid perfume
le labo solid perfume,4,-60%,Solid perfume
diptyque orpheon,4,80%,Solid perfume
what is glass skin,100,1%,glass skin
glass skin serum,92,30%,glass skin
peach lily glass skin,78,-40%,glass skin
korean glass skin,75,30%,glass skin
glass skin korean,75,40%,glass skin
glass skin mask,60,250%,glass skin
peach and lily,57,-40%,glass skin
peach and lily glass skin,55,-50%,glass skin
how to get glass skin,52,-30%,glass skin
glass skin products,49,40%,glass skin
glass skin foundation,39,300%,glass skin
glass skin facial,32,70%,glass skin
glass skin moisturizer,31,30%,glass skin
glass skin routine,30,-3%,glass skin
glass skin treatment,23,80%,glass skin
peach & lily glass skin,23,60%,glass skin
glass skin makeup,22,9%,glass skin
products for glass skin,22,40%,glass skin
how to have glass skin,20,-10%,glass skin
glass skin look,20,-7%,glass skin
fiber glass,19,-10%,glass skin
glass bones paper skin,18,-50%,glass skin
glass skin face mask,18,150%,glass skin
glass skin reddit,18,-10%,glass skin
best glass skin products,17,40%,glass skin
peach and lily glass skin serum,16,-40%,glass skin
paper skin and glass bones,16,-50%,glass skin
glass bones and paper skin,16,-50%,glass skin
korean glass skin mask,14,400%,glass skin
korean skincare,14,40%,glass skin
best products for glass skin,12,40%,glass skin
how to get glass out of skin,12,-50%,glass skin
anua,12,1200%,glass skin
korean skin care,11,40%,glass skin
glass skin refining serum,11,-30%,glass skin
niacinamide,11,70%,glass skin
ulta,11,-20%,glass skin
korean glass skin products,10,9%,glass skin
sephora,9,20%,glass skin
medicube glass skin,8,1400%,glass skin
medicube,8,1550%,glass skin
peach & lily glass skin serum,7,20%,glass skin
lumielle glass skin,7,-3%,glass skin
korean glass skin routine,7,-20%,glass skin
cosrx,6,4%,glass skin
lumielle glass skin exfoliant,6,40%,glass skin
pat mcgrath,6,-3%,glass skin
pat mcgrath glass skin,6,-6%,glass skin
glass skin tanghulu,6,4200%,glass skin
truly glass skin,6,-10%,glass skin
makeup with spf,100,50%,SPF makeup
spf foundation,63,40%,SPF makeup
clinique,57,180%,SPF makeup
sunscreen makeup,52,1%,SPF makeup
foundation with spf,26,70%,SPF makeup
spf moisturizer,25,-30%,SPF makeup
clinique even better makeup spf 15,23,200%,SPF makeup
tinted spf,21,-20%,SPF makeup
spf under makeup,21,-20%,SPF makeup
estee lauder,16,140%,SPF makeup
moisturizer with spf,15,-30%,SPF makeup
spf over makeup,13,-50%,SPF makeup
tinted moisturizer,11,-30%,SPF makeup
spf for under makeup,11,-20%,SPF makeup
spf setting spray,10,-40%,SPF makeup
makeup setting spray,10,-40%,SPF makeup
spf makeup setting spray,10,-40%,SPF makeup
tinted sunscreen,9,-4%,SPF makeup
milk makeup,9,30%,SPF makeup
best spf under makeup,8,-50%,SPF makeup
tinted moisturizer with spf,7,-40%,SPF makeup
primer with spf,6,-20%,SPF makeup
makeup primer with spf,6,-20%,SPF makeup
best spf for face,6,-50%,SPF makeup
spf blush,6,2%,SPF makeup
clinique even better makeup broad spectrum spf 15,5,30%,SPF makeup
spf spray over makeup,5,-60%,SPF makeup
spray spf over makeup,5,-60%,SPF makeup
ulta,5,-50%,SPF makeup
sephora,5,-40%,SPF makeup
best spf for under makeup,5,-50%,SPF makeup
skin tint with spf,4,110%,SPF makeup
la roche posay,4,-20%,SPF makeup
best sunscreen under makeup,4,-50%,SPF makeup
makeup setting spray with spf,4,-50%,SPF makeup
setting spray with spf,4,-50%,SPF makeup
best tinted moisturizer,3,-50%,SPF makeup
clinique even better clinical serum foundation spf 20,3,Breakout,SPF makeup
supergoop,3,-50%,SPF makeup
clinique even better clinical vitamin makeup spf 50,3,Breakout,SPF makeup
spf face spray over makeup,2,-60%,SPF makeup
clinique almost powder makeup spf 15,2,2%,SPF makeup
best tinted moisturizer with spf,2,-60%,SPF makeup
best sunscreen for under makeup,2,-60%,SPF makeup
colorescience,2,10%,SPF makeup
colorescience spf,2,7%,SPF makeup
supergoop sunscreen,2,-50%,SPF makeup
la roche posay sunscreen,2,-30%,SPF makeup
best spf for face under makeup,2,-60%,SPF makeup
spf before or after makeup,2,-40%,SPF makeup
tinted spf moisturizer,100,50%,SPF makeup
tinted moisturizer spf,99,40%,SPF makeup
spf tinted moisturizer,99,50%,SPF makeup
tinted spf,96,40%,SPF makeup
best tinted moisturizer,91,-9%,SPF makeup
tinted moisturizer with spf,54,20%,SPF makeup
laura mercier tinted moisturizer,42,20%,SPF makeup
laura mercier,41,20%,SPF makeup
tinted sunscreen moisturizer,39,30%,tinted moisturizer
tinted sunscreen,38,40%,tinted moisturizer
tinted face moisturizer,28,40%,tinted moisturizer
nars tinted moisturizer,22,20%,tinted moisturizer
nars,22,20%,tinted moisturizer
drmtlgy tinted moisturizer,21,0%,tinted moisturizer
drmtlgy,21,-3%,tinted moisturizer
best spf tinted moisturizer,20,-10%,tinted moisturizer
best tinted spf moisturizer,20,-10%,tinted moisturizer
tarte,17,110%,tinted moisturizer
tarte tinted moisturizer,17,100%,tinted moisturizer
what is tinted moisturizer,16,30%,tinted moisturizer
skin tint,16,70%,tinted moisturizer
tinted moisturizer for mature skin,15,80%,tinted moisturizer
ulta tinted moisturizer,15,-10%,tinted moisturizer
ulta,15,-20%,tinted moisturizer
bare minerals,15,10%,tinted moisturizer
bare minerals tinted moisturizer,14,10%,tinted moisturizer
tinted moisturizer ulta,14,-20%,tinted moisturizer
matte tinted moisturizer,14,140%,tinted moisturizer
best tinted moisturizer with spf,13,-30%,tinted moisturizer
complexion rescue tinted moisturizer,12,200%,tinted moisturizer
bareminerals tinted moisturizer,12,150%,tinted moisturizer
bb cream,12,-10%,tinted moisturizer
sephora,12,-20%,tinted moisturizer
sephora tinted moisturizer,11,-30%,tinted moisturizer
best tinted moisturizer for mature skin,11,60%,tinted moisturizer
saie tinted moisturizer,10,60%,tinted moisturizer
good tinted moisturizer,10,20%,tinted moisturizer
the best tinted moisturizer,10,30%,tinted moisturizer
fenty tinted moisturizer,9,40%,tinted moisturizer
bareminerals complexion rescue tinted moisturizer,9,400%,tinted moisturizer
tarte bb tinted moisturizer,9,200%,tinted moisturizer
rare beauty tinted moisturizer,8,-70%,tinted moisturizer
rare beauty,8,-70%,tinted moisturizer
bb blur tinted moisturizer,7,700%,tinted moisturizer
drugstore tinted moisturizer,7,-30%,tinted moisturizer
best tinted sunscreen,7,8%,tinted moisturizer
tinted moisturizer drugstore,7,-30%,tinted moisturizer
nars pure radiant tinted moisturizer,7,190%,tinted moisturizer
neutrogena tinted moisturizer,7,-10%,tinted moisturizer
cc cream,7,-20%,tinted moisturizer
clean girl makeup look,100,-20%,clean girl makeup
what is clean girl makeup,52,7%,clean girl makeup
clean girl aesthetic,49,-30%,clean girl makeup
clean girl makeup products,40,-20%,clean girl makeup
how to do clean girl makeup,36,-2%,clean girl makeup
clean girl makeup tutorial,35,50%,clean girl makeup
makeup tutorial,35,40%,clean girl makeup
no makeup makeup,28,20%,clean girl makeup
clean girl make up,28,50%,clean girl makeup
make up,27,70%,clean girl makeup
cute makeup,24,60%,clean girl makeup
makeup looks,24,-3%,clean girl makeup
how to clean makeup brushes,19,140%,clean girl makeup
latina makeup,17,110%,clean girl makeup
soft girl makeup,17,50%,clean girl makeup
sephora,15,-40%,clean girl makeup
pinterest,15,50%,clean girl makeup
clean makeup brands,13,-2%,clean girl makeup
covergirl clean makeup,12,-9%,clean girl makeup
clean girl outfits,10,30%,clean girl makeup
clean girl nails,9,7%,clean girl makeup
no makeup makeup look,9,1%,clean girl makeup
makeup styles,9,140%,clean girl makeup
clean makeup for kids,8,60%,clean girl makeup
korean makeup,7,30%,clean girl makeup
strawberry makeup,7,-10%,clean girl makeup
2016 makeup,6,250%,clean girl makeup
soft glam makeup,6,250%,clean girl makeup
rhode,6,Breakout,clean girl makeup
douyin makeup,5,Breakout,clean girl makeup
cover girl clean fresh,4,-60%,clean girl makeup
best retinol,100,-6%,retinol serum
best retinol serum,95,-6%,retinol serum
cerave serum retinol,82,-5%,retinol serum
cerave retinol serum,81,-9%,retinol serum
cerave retinol,81,-10%,retinol serum
cerave,79,-10%,retinol serum
retinol serum cerave,77,-20%,retinol serum
retinol cream,72,-5%,retinol serum
vitamin c,62,-10%,retinol serum
vitamin c serum,59,-20%,retinol serum
retinol face serum,55,1%,retinol serum
retinol resurfacing serum,46,-10%,retinol serum
retinol night serum,45,9%,retinol serum
resurfacing retinol serum,42,-20%,retinol serum
what is retinol,38,30%,retinol serum
retinol eye serum,38,10%,retinol serum
cerave resurfacing retinol serum,37,-10%,retinol serum
resurfacing retinol serum cerave,37,-10%,retinol serum
cerave retinol resurfacing serum,36,-10%,retinol serum
hyaluronic acid serum,30,-20%,retinol serum
hyaluronic acid,29,-20%,retinol serum
retinol serum for face,28,10%,retinol serum
good retinol serum,27,8%,retinol serum
niacinamide,25,10%,retinol serum
niacinamide serum,25,10%,retinol serum
ordinary retinol serum,24,1%,retinol serum
ordinary retinol,23,-10%,retinol serum
retinol and vitamin c serum,22,-10%,retinol serum
the best retinol serum,21,30%,retinol serum
roc retinol serum,20,20%,retinol serum
roc retinol,20,30%,retinol serum
retinol eye cream,18,-8%,retinol serum
the ordinary,17,-4%,retinol serum
how to use retinol serum,17,-8%,retinol serum
the ordinary retinol serum,17,3%,retinol serum
the ordinary retinol,17,-5%,retinol serum
peptide serum,16,90%,retinol serum
retinol peptide serum,16,90%,retinol serum
la roche posay,15,40%,retinol serum
la roche posay retinol,15,40%,retinol serum
best retinol cream,14,-20%,retinol serum
skin renewing retinol serum,13,30%,retinol serum
top retinol serum,13,250%,retinol serum
best vitamin c serum,13,-30%,retinol serum
retinol benefits,12,10%,retinol serum
retinol serum benefits,12,10%,retinol serum
cerave renewing retinol serum,11,20%,retinol serum
olay retinol serum,11,-7%,retinol serum
retinal,10,90%,retinol serum
retinal serum,10,90%,retinol serum
skincare and makeup,100,30%,skincare makeup
makeup and skincare,95,20%,skincare makeup
skincare products,32,20%,skincare makeup
makeup products,30,20%,skincare makeup
makeup brands,19,4%,skincare makeup
skincare brands,19,4%,skincare makeup
makeup set,18,100%,skincare makeup
skincare set,18,110%,skincare makeup
makeup routine,14,-20%,skincare makeup
skincare routine,14,-20%,skincare makeup
sephora,13,8%,skincare makeup
sephora skincare,13,7%,skincare makeup
sephora makeup,13,7%,skincare makeup
skin care,13,-20%,skincare makeup
korean skincare,13,4%,skincare makeup
korean makeup,13,4%,skincare makeup
makeup bag,12,50%,skincare makeup
skincare bag,12,50%,skincare makeup
foundation,11,10%,skincare makeup
skincare before makeup,11,2%,skincare makeup
best skincare products,11,20%,skincare makeup
bubble,10,20%,skincare makeup
bubble skincare,10,20%,skincare makeup
kids makeup,9,150%,skincare makeup
moisturizer,9,-4%,skincare makeup
makeup kit,8,70%,skincare makeup
skincare organizer,8,3%,skincare makeup
makeup organizer,8,2%,skincare makeup
makeup skincare organizer,8,3%,skincare makeup
ulta,8,-10%,skincare makeup
makeup remover,8,-6%,skincare makeup
clean makeup,8,-1%,skincare makeup
milk makeup skincare,7,7%,skincare makeup
milk,7,7%,skincare makeup
milk makeup,7,6%,skincare makeup
makeup order,7,-20%,skincare makeup
skincare order,6,-20%,skincare makeup
skincare for kids,6,180%,skincare makeup
primer,6,-9%,skincare makeup
makeup for kids,6,170%,skincare makeup
perfume,6,40%,skincare makeup
vanity,6,100%,skincare makeup
makeup vanity,6,100%,skincare makeup
elf skincare,6,-20%,skincare makeup
elf makeup,6,-20%,skincare makeup
elf,6,-20%,skincare makeup
best skincare brands,5,30%,skincare makeup
make up,5,7%,skincare makeup
blush,5,-8%,skincare makeup
toner,5,-20%,skincare makeup
