raising query,search interest,increase percent,trend indicator
lip lingerie lip liner stain,5,Breakout,lip liner
nyx lip lingerie liner stain,4,Breakout,lip liner
nyx lingerie lip liner stain,4,Breakout,lip liner
mac cool spice lip liner,2,Breakout,lip liner
wet n wild lip liner stain,1,Breakout,lip liner
nyx professional makeup lip lingerie lip liner stain,1,Breakout,lip liner
maybelline on it lip liner,1,3400%,lip liner
nyx duck plump lip liner,2,3100%,lip liner
lip liner twins,3,2300%,lip liner
nyx lip stain,9,1600%,lip liner
nyx lip liner stain,8,1550%,lip liner
nyx professional makeup suede matte lip liner,2,1400%,lip liner
rhode lip liner,14,1250%,lip liner
rhode,13,1150%,lip liner
wet and wild lip liner 666,1,700%,lip liner
versed lip liner,1,700%,lip liner
maybelline lifter liner,4,700%,lip liner
peel off lip liner,11,600%,lip liner
wonderskin lip liner,2,600%,lip liner
lip liner stain peel off,3,550%,lip liner
maybelline color sensational shaping lip liner,2,450%,lip liner
lip liner stay-n,3,450%,lip liner
saie lip liner,3,400%,lip liner
wet n wild lip liner 666,1,250%,lip liner
lip liner stain,32,250%,lip liner
lip stain,32,250%,lip liner
lip stain liner,32,250%,lip liner
beauty creations lip liner,2,200%,lip liner
merit lip liner,3,200%,lip liner
glossier lip liner,5,200%,lip liner
summer fridays,3,180%,lip liner
ilia lip liner,2,170%,lip liner
hard candy lip liner,2,150%,lip liner
revlon lip liner chocolate,1,140%,lip liner
lip liner set,18,140%,lip liner
nyx suede matte lip liner,3,130%,lip liner
mac lip liner plum,3,130%,lip liner
mac plum lip liner,3,120%,lip liner
makeup forever lip liner wherever walnut,1,120%,lip liner
wherever walnut lip liner dupe,1,120%,lip liner
charlotte tilbury lip cheat lip liner,2,110%,lip liner
plumping lip liner,6,110%,lip liner
wherever walnut lip liner,3,110%,lip liner
maybelline color sensational lip liner,3,100%,lip liner
makeup forever,15,100%,lip liner
nyx moonwalk lip liner,1,100%,lip liner
elf lip oil,3,100%,lip liner
kiko lip liner,3,100%,lip liner
makeup forever lip liner,15,90%,lip liner
cold brew lip liner,7,90%,lip liner
cerave resurfacing retinol serum,2,Breakout,retinol alternative
kora organics plant stem cell retinol alternative serum,6,250%,retinol alternative
cetaphil retinol alternative serum,4,200%,retinol alternative
herbivore bakuchiol retinol alternative serum,14,180%,retinol alternative
herbivore bakuchiol serum,14,170%,retinol alternative
herbivore bakuchiol,18,160%,retinol alternative
kora organics retinol alternative,10,120%,retinol alternative
kora organics,11,100%,retinol alternative
herbivore,26,80%,retinol alternative
bakuchiol serum,38,70%,retinol alternative
dime beauty,2,50%,retinol alternative
bakuchiol oil,7,50%,retinol alternative
best bakuchiol serum,5,40%,retinol alternative
what does retinol do,4,40%,retinol alternative
cerave retinol,9,40%,retinol alternative
retinol serum,100,30%,retinol alternative
retinol alternative serum,100,30%,retinol alternative
what is retinol,27,30%,retinol alternative
bakuchiol retinol,74,20%,retinol alternative
bakuchiol,74,20%,retinol alternative
adapalene,4,20%,retinol alternative
caudalie,10,20%,retinol alternative
alternative to retinol,85,10%,retinol alternative
retinol cream,58,10%,retinol alternative
niacinamide,9,8%,retinol alternative
herbivore moon fruit retinol alternative serum,2,6%,retinol alternative
good molecules,2,-1%,retinol alternative
tretinoin cream,3,-2%,retinol alternative
best retinol alternative,52,-2%,retinol alternative
best retinol,51,-2%,retinol alternative
bakuchiol eye cream,3,-4%,retinol alternative
bakuchiol vs retinol,4,-7%,retinol alternative
pregnancy safe retinol alternative,20,-8%,retinol alternative
hyaluronic acid,7,-10%,retinol alternative
the ordinary,6,-10%,retinol alternative
natural retinol alternative,28,-20%,retinol alternative
herbivore bakuchiol retinol alternative smoothing serum,2,-20%,retinol alternative
retinol pregnancy,37,-20%,retinol alternative
retinol alternative pregnancy,37,-20%,retinol alternative
eminence,3,-30%,retinol alternative
vitamin c serum,7,-30%,retinol alternative
azelaic acid,5,-30%,retinol alternative
tretinoin,9,-30%,retinol alternative
natural alternative to retinol,10,-30%,retinol alternative
bakuchiol pregnancy,6,-30%,retinol alternative
retinol vs retinoid,2,-30%,retinol alternative
retinol alternative for pregnancy,13,-40%,retinol alternative
sephora,4,-40%,retinol alternative
tretinoin vs retinol,2,-40%,peptide serum
indie lee retinol alternative cream,3,-50%,peptide serum
medicube pink peptide serum,34,Breakout,peptide serum
medicube pdrn pink peptide serum,26,Breakout,peptide serum
ghkcu peptide,2,Breakout,peptide serum
medicube pdrn pink peptide serum reviews,2,Breakout,peptide serum
educated mess peptide serum,2,Breakout,peptide serum
cura peptide hair growth serum,2,Breakout,peptide serum
freeze frame peptide serum,2,Breakout,peptide serum
medicube hyaluronic multi peptide serum,1,Breakout,peptide serum
korean silk peptide botox serum,1,Breakout,peptide serum
medicube collagen jelly cream,1,Breakout,peptide serum
cosrx the 6 peptide skin booster serum review,1,Breakout,peptide serum
medicube peptide serum,43,Breakout,peptide serum
pdrn pink peptide serum,32,Breakout,peptide serum
medicube,44,Breakout,peptide serum
coleman compound pads,1,Breakout,peptide serum
ghk cu peptide serum,9,1400%,peptide serum
ghk-cu,23,1150%,peptide serum
ghk-cu peptide serum,23,1000%,peptide serum
ghk-cu peptide,23,1000%,peptide serum
ghk cu peptide,9,900%,peptide serum
cosrx the 6 peptide skin booster serum,10,450%,peptide serum
cosrx peptide booster,17,400%,peptide serum
cosrx 6 peptide skin booster,12,400%,peptide serum
medik8 peptides,4,300%,peptide serum
the 6 peptide skin booster serum,14,250%,peptide serum
maelove peptide squad,3,250%,peptide serum
medik8 peptide serum,9,250%,peptide serum
medik8,9,200%,peptide serum
rhode glazing milk,1,200%,peptide serum
allies of skin,4,200%,peptide serum
medik8 liquid peptides,3,190%,peptide serum
maelove,6,190%,peptide serum
maelove peptide serum,6,180%,peptide serum
skinceuticals,8,160%,peptide serum
cosrx,30,150%,peptide serum
cosrx peptide,30,150%,peptide serum
cosrx peptide serum,30,150%,peptide serum
lancome renergie peptide cream,2,150%,peptide serum
korean peptide serum,14,140%,peptide serum
skinceuticals peptide serum,8,140%,peptide serum
matrixyl 3000,9,130%,peptide serum
argireline serum,13,90%,peptide serum
argireline,13,80%,peptide serum
glow recipe pomegranate peptide firming serum,1,70%,peptide serum
cosrx snail mucin,3,70%,peptide serum
azelaic acid,6,60%,peptide serum
hair peptide serum,83,60%,peptide serum
peptide hair serum,83,60%,peptide serum
what is peptide serum,51,50%,peptide serum
mad hippie corrective peptide serum,4,50%,peptide serum
slugging skincare reddit,26,100%,slugging skincare
what is slugging in skincare,27,100%,slugging skincare
occlusive,11,100%,slugging skincare
what does slugging mean in skincare,12,80%,slugging skincare
what is slugging,100,70%,slugging skincare
what is slugging skincare,99,70%,slugging skincare
aquaphor,19,30%,slugging skincare
cerave healing ointment,5,30%,slugging skincare
slugging skin,49,20%,slugging skincare
slugging meaning,12,-20%,slugging skincare
slugging meaning skincare,12,-20%,slugging skincare
nutrafol root purifier scalp microbiome shampoo,100,-40%,scalp microbiome
107 scalp purifying microbiome shampoo,85,-60%,scalp microbiome
rhode barrier butter,1,Breakout,skin barrier repair
byoma barrier repair eye cream,1,Breakout,skin barrier repair
weleda skin food,0,Breakout,skin barrier repair
eucerin advanced repair cream,0,Breakout,skin barrier repair
dr althea 345 relief cream,0,Breakout,skin barrier repair
byoma barrier repair,8,300%,skin barrier repair
byoma barrier repair treatment,2,250%,skin barrier repair
byoma,8,250%,skin barrier repair
niacinamide,20,200%,skin barrier repair
dimethicone,1,180%,skin barrier repair
aestura atobarrier 365 cream,1,160%,skin barrier repair
ceradan skin barrier repair cream,1,140%,skin barrier repair
centella,6,140%,skin barrier repair
ceramide moisturizer,8,130%,skin barrier repair
centella asiatica,1,100%,skin barrier repair
cerave moisturizing cream,2,100%,skin barrier repair
kiehl's ultra facial advanced repair barrier cream,1,90%,skin barrier repair
barrier repair moisturizers,10,90%,skin barrier repair
vanicream daily facial moisturizer,1,70%,skin barrier repair
alpyn barrier repair cream,1,60%,skin barrier repair
kiehl's ultra facial cream,2,50%,skin barrier repair
la roche posay double repair moisturizer,2,50%,skin barrier repair
barrier repair cream,89,40%,skin barrier repair
cicaplast baume b5,3,40%,skin barrier repair
skin barrier repair ingredients,18,40%,skin barrier repair
bora barrier repair cream,1,40%,skin barrier repair
azelaic acid,4,40%,skin barrier repair
perioral dermatitis,1,30%,skin barrier repair
best barrier repair cream,21,30%,skin barrier repair
paula's choice resist barrier repair moisturizer,1,30%,skin barrier repair
skin barrier repair cream,82,30%,skin barrier repair
skin barrier cream,81,30%,skin barrier repair
cicaplast,9,30%,skin barrier repair
barrier cream,79,30%,skin barrier repair
barrier repair moisturizer,60,30%,skin barrier repair
products for skin barrier repair,18,20%,skin barrier repair
vanicream moisturizer,2,20%,skin barrier repair
avene cicalfate,2,20%,skin barrier repair
avene,5,20%,skin barrier repair
avene cicalfate repair cream,1,10%,skin barrier repair
la roche posay cicaplast,3,10%,skin barrier repair
skinceuticals triple lipid restore,1,10%,skin barrier repair
how to repair skin barrier,100,10%,skin barrier repair
aquaphor,4,10%,skin barrier repair
how to repair skin barrier on face,13,8%,skin barrier repair
cerave,13,8%,skin barrier repair
hyaluronic acid,10,7%,skin barrier repair
fungal acne,3,4%,skin barrier repair
skin barrier repair serum,31,4%,skin barrier repair
skin barrier serum,31,4%,skin barrier repair
waterless pedicure,58,70%,waterless beauty
olive tree people,43,20%,waterless beauty
waterless shampoo,100,20%,waterless beauty
waterless skincare,59,-50%,waterless beauty
aztk liquid blush,3,Breakout,liquid blush
rhode pocket blush,2,Breakout,liquid blush
nyx buttermelt blush,2,Breakout,liquid blush
mac strobe beam liquid blush,2,Breakout,liquid blush
aztk jello color liquid blush,1,Breakout,liquid blush
iwawa liquid blush,1,Breakout,liquid blush
hourglass unreal liquid blush,5,2950%,liquid blush
rhode blush,7,850%,liquid blush
dear dahlia liquid blush,2,850%,liquid blush
rhode,7,800%,liquid blush
e.l.f. camo liquid blush,6,600%,liquid blush
ysl liquid blush,9,400%,liquid blush
ysl blush,9,400%,liquid blush
loreal lumi liquid blush,3,400%,liquid blush
ysl blush liquid,9,400%,liquid blush
hourglass liquid blush,15,300%,liquid blush
juvia's place blushed liquid blush,3,250%,liquid blush
e.l.f. blush liquid,12,250%,liquid blush
patrick ta blush,5,180%,liquid blush
baby pink liquid blush,3,170%,liquid blush
huda beauty liquid blush,11,170%,liquid blush
huda beauty,11,170%,liquid blush
saie liquid blush,25,170%,liquid blush
saie,25,160%,liquid blush
armani liquid blush,11,150%,liquid blush
rare beauty soft pinch liquid blush,52,140%,liquid blush
purple liquid blush,7,140%,liquid blush
rare beauty soft pinch liquid blush hope,3,140%,liquid blush
loreal liquid blush,12,130%,liquid blush
rare beauty soft pinch liquid blush happy,2,120%,liquid blush
soft pinch liquid blush,57,100%,liquid blush
nars afterglow liquid blush,10,90%,liquid blush
milani cheek kiss liquid blush,6,90%,liquid blush
cream blush,67,80%,liquid blush
camo liquid blush,38,80%,liquid blush
maybelline,20,80%,liquid blush
maybelline liquid blush,20,70%,liquid blush
powder blush,64,70%,liquid blush
mac liquid blush,15,70%,liquid blush
hourglass concealer,2,60%,liquid blush
huda beauty powder,3,50%,liquid blush
essence liquid blush,7,50%,liquid blush
pink liquid blush,29,50%,liquid blush
milani baked blush,1,50%,liquid blush
milani cheek kiss cream blush,2,40%,liquid blush
summer fridays,3,40%,liquid blush
nars liquid blush torrid,1,30%,liquid blush
good liquid blush,15,30%,liquid blush
elf setting spray,5,30%,liquid blush
chanel liquid blush,6,30%,liquid blush
midnight perfume,5,Breakout,Solid perfume
sidia solid perfume,5,Breakout,Solid perfume
tous solid perfume,1,Breakout,Solid perfume
car air vent solid perfume with refill sticks,1,Breakout,Solid perfume
sol de janeiro cheirosa 68 perfume mist,1,Breakout,Solid perfume
estee lauder solid perfume,100,400%,Solid perfume
solid perfume compact,91,400%,Solid perfume
solid perfume for women,28,300%,Solid perfume
sol de janeiro,9,200%,Solid perfume
sol de janeiro solid perfume,10,140%,Solid perfume
solid perfume for man,3,130%,Solid perfume
vanilla solid perfume,18,110%,Solid perfume
fragrantica,4,90%,Solid perfume
diptyque orpheon,4,80%,Solid perfume
sephora favorites perfume sampler set,1,60%,Solid perfume
orpheon solid perfume,5,50%,Solid perfume
solid perfume stick,23,20%,Solid perfume
miss dior mini miss solid perfume,8,20%,Solid perfume
solid perfume dior,33,20%,Solid perfume
dior,32,20%,Solid perfume
dior solid perfume,32,10%,Solid perfume
victoria secret,2,10%,Solid perfume
jasmine solid perfume,5,10%,Solid perfume
best solid perfume,40,10%,Solid perfume
miss dior perfume,16,7%,Solid perfume
miss dior solid perfume,16,2%,Solid perfume
what is solid perfume,34,-20%,Solid perfume
solid perfumes,11,-20%,Solid perfume
solid cologne,12,-20%,Solid perfume
diptyque do son solid perfume,3,-20%,Solid perfume
diy solid perfume,8,-20%,Solid perfume
lush solid perfume,23,-20%,Solid perfume
solid perfume diptyque,41,-20%,Solid perfume
diptyque perfume,41,-20%,Solid perfume
diptyque,41,-20%,Solid perfume
diptyque solid perfume,41,-20%,Solid perfume
solid perfume lush,22,-20%,Solid perfume
lush,22,-20%,Solid perfume
diptyque philosykos,3,-30%,Solid perfume
solid perfume recipe,10,-30%,Solid perfume
glossier you perfume,17,-30%,Solid perfume
glossier you solid perfume,17,-30%,Solid perfume
glossier you,17,-30%,Solid perfume
glossier you perfume solid,17,-30%,Solid perfume
glossier you solid,17,-30%,Solid perfume
diptyque philosykos solid perfume,3,-40%,Solid perfume
dior solid perfume stick,4,-40%,Solid perfume
philosykos solid perfume,4,-40%,Solid perfume
sephora,8,-40%,Solid perfume
how to use solid perfume,10,-40%,Solid perfume
sweed glass skin foundation,3,Breakout,glass skin
pat mcgrath glass skin setting spray,1,Breakout,glass skin
biodance collagen mask,1,Breakout,glass skin
ilia super serum skin tint spf 40,1,Breakout,glass skin
tatcha the dewy skin cream,1,Breakout,glass skin
ilia true skin serum foundation,1,Breakout,glass skin
how to clean glass stovetop,1,Breakout,glass skin
ninja crispi 4-in-1 portable glass air fryer,1,Breakout,glass skin
how to remove stickers from glass,1,Breakout,glass skin
glass skin tanghulu,6,4200%,glass skin
ninja crispi 4-in-1 portable glass air fryer cooking system,0,3850%,glass skin
medicube,8,1550%,glass skin
medicube glass skin,8,1400%,glass skin
anua,12,1200%,glass skin
anua skincare,2,900%,glass skin
vanicream moisturizing skin cream,1,450%,glass skin
korean glass skin mask,14,400%,glass skin
cetaphil gentle skin cleanser,1,350%,glass skin
best skincare for oily skin,1,350%,glass skin
glass skin foundation,39,300%,glass skin
glass skin mask,60,250%,glass skin
loreal glass skin,3,190%,glass skin
glass skin face mask,18,150%,glass skin
pat mcgrath glass skin mask,1,120%,glass skin
beauty of joseon,5,110%,glass skin
korean glass skin facial,5,90%,glass skin
hour glass skin tint,3,90%,glass skin
glass skin treatment,23,80%,glass skin
niacinamide,11,70%,glass skin
peach & lily glass skin veil mist,2,70%,glass skin
charlotte tilbury charlotte's beautiful skin foundation,0,70%,glass skin
glass skin facial,32,70%,glass skin
how to clean shower glass,1,60%,glass skin
peach & lily glass skin,23,60%,glass skin
best korean skincare,6,50%,glass skin
peach and lily glass skin face polisher,2,50%,glass skin
korean skincare,14,40%,glass skin
glow recipe,5,40%,glass skin
best products for glass skin,12,40%,glass skin
throne of glass series order,1,40%,glass skin
what is a magnifying glass used for,1,40%,glass skin
korean skin care,11,40%,glass skin
lumielle glass skin exfoliant,6,40%,glass skin
glass skin korean,75,40%,glass skin
best glass skin products,17,40%,glass skin
glass skin products,49,40%,glass skin
products for glass skin,22,40%,glass skin
peach & lily glass skin refining serum,5,40%,glass skin
glass skin serum,92,30%,glass skin
korean glass skin,75,30%,glass skin
clinique even better clinical serum foundation spf 20,3,Breakout,SPF makeup
clinique even better clinical vitamin makeup spf 50,3,Breakout,SPF makeup
eltamd uv clear broad-spectrum spf 46,1,Breakout,SPF makeup
bareminerals original foundation spf 15,1,Breakout,SPF makeup
nars pure radiant tinted moisturizer spf 30,1,Breakout,SPF makeup
maybelline instant age rewind eraser treatment makeup,1,Breakout,SPF makeup
clinique acne solutions liquid makeup,0,Breakout,SPF makeup
nyx professional makeup bare with me concealer serum,0,Breakout,SPF makeup
chanel vitalumiere aqua ultra-light skin perfecting makeup spf 15,0,Breakout,SPF makeup
nyx professional makeup suede matte lipstick,0,Breakout,SPF makeup
tarte bb blur tinted moisturizer broad spectrum spf 30 sunscreen,0,Breakout,SPF makeup
eltamd uv clear broad spectrum spf 46,0,Breakout,SPF makeup
nyx professional makeup soft matte lip cream,0,Breakout,SPF makeup
clinique superpowder double face makeup,0,Breakout,SPF makeup
makeup revolution skin silk serum foundation,0,Breakout,SPF makeup
nyx professional makeup buttermelt bronzer,0,Breakout,SPF makeup
nyx professional makeup lip iv hydrating gloss stain,0,Breakout,SPF makeup
clinique even better refresh hydrating and repairing makeup,0,Breakout,SPF makeup
nyx professional makeup bare with me blur tint foundation,0,Breakout,SPF makeup
nyx professional makeup suede matte lip liner,0,Breakout,SPF makeup
estee lauder futurist hydra rescue moisturizing makeup spf 45,2,550%,SPF makeup
clinique even better makeup spf 15,23,200%,SPF makeup
clinique,57,180%,SPF makeup
estée lauder futurist hydra rescue moisturizing makeup spf 45,1,160%,SPF makeup
estee lauder,16,140%,SPF makeup
typology makeup,1,130%,SPF makeup
skin tint with spf,4,110%,SPF makeup
naked sundays spf,2,90%,SPF makeup
foundation with spf,26,70%,SPF makeup
ilia super serum skin tint spf 40,1,60%,SPF makeup
beauty of joseon sunscreen,1,60%,SPF makeup
makeup with spf,100,50%,SPF makeup
spf foundation,63,40%,SPF makeup
milk makeup sunshine skin tint spf 30,1,30%,SPF makeup
milk makeup,9,30%,SPF makeup
coola makeup setting spray spf 30,1,30%,SPF makeup
clinique even better makeup broad spectrum spf 15,5,30%,SPF makeup
neutrogena hydro boost,1,10%,SPF makeup
colorescience,2,10%,SPF makeup
colorescience spf,2,7%,SPF makeup
clinique almost powder makeup spf 15,2,2%,SPF makeup
spf blush,6,2%,SPF makeup
maybelline lash sensational sky high mascara,0,1%,SPF makeup
sunscreen makeup,52,1%,SPF makeup
naked sundays spf 50,1,0%,SPF makeup
tinted sunscreen,9,-4%,SPF makeup
how to reapply sunscreen over makeup,1,-20%,SPF makeup
ulta beauty,2,-20%,SPF makeup
spf for under makeup,11,-20%,SPF makeup
tinted spf,21,-20%,SPF makeup
jones road just enough tinted moisturizer,1,Breakout,tinted moisturizer
macrene actives high performance tinted moisturizer,1,Breakout,tinted moisturizer
tarte bb blur tinted moisturizer review,1,1450%,tinted moisturizer
tarte bb blur tinted moisturizer,6,950%,tinted moisturizer
nars pure radiant tinted moisturizer spf 30,4,700%,tinted moisturizer
bb blur tinted moisturizer,7,700%,tinted moisturizer
tarte bb blur tinted moisturizer broad spectrum spf 30 sunscreen,2,700%,tinted moisturizer
positive light tinted moisturizer broad spectrum spf 20 sunscreen,1,600%,tinted moisturizer
jones road tinted moisturizer,4,400%,tinted moisturizer
bareminerals complexion rescue tinted moisturizer,9,400%,tinted moisturizer
saie slip tint,5,350%,tinted moisturizer
saie slip tint dewy tinted moisturizer,1,250%,tinted moisturizer
jones road beauty,1,250%,tinted moisturizer
tarte bb tinted moisturizer,9,200%,tinted moisturizer
complexion rescue tinted moisturizer,12,200%,tinted moisturizer
nars pure radiant tinted moisturizer,7,190%,tinted moisturizer
laura mercier tinted moisturizer natural skin perfector,2,170%,tinted moisturizer
laura mercier tinted moisturizer light revealer,1,160%,tinted moisturizer
bareminerals tinted moisturizer,12,150%,tinted moisturizer
matte tinted moisturizer,14,140%,tinted moisturizer
hourglass tinted moisturizer,4,130%,tinted moisturizer
bare minerals tinted moisturizer shades,0,120%,tinted moisturizer
lightweight tinted moisturizer,5,120%,tinted moisturizer
rare beauty positive light tinted moisturizer,2,120%,tinted moisturizer
green tinted moisturizer,6,120%,tinted moisturizer
laura mercier tinted moisturizer bronzer,1,110%,tinted moisturizer
tarte,17,110%,tinted moisturizer
tarte tinted moisturizer,17,100%,tinted moisturizer
laura geller tinted moisturizer,2,100%,tinted moisturizer
tarte maracuja tinted moisturizer,2,100%,tinted moisturizer
well people tinted moisturizer,1,90%,tinted moisturizer
tinted moisturizer for mature skin,15,80%,tinted moisturizer
tarte amazonian clay bb tinted moisturizer,1,80%,tinted moisturizer
korean tinted moisturizer,3,80%,tinted moisturizer
milk tinted moisturizer,5,80%,tinted moisturizer
skin tint,16,70%,tinted moisturizer
saie tinted moisturizer,10,60%,tinted moisturizer
perricone md tinted moisturizer,1,60%,tinted moisturizer
best tinted moisturizer for mature skin,11,60%,tinted moisturizer
best tinted moisturizer with spf for mature skin,2,60%,tinted moisturizer
what is the best tinted moisturizer,4,60%,tinted moisturizer
sisley tinted moisturizer,1,50%,tinted moisturizer
neutrogena radiant tinted moisturizer,2,50%,tinted moisturizer
spf tinted moisturizer,99,50%,tinted moisturizer
tinted spf moisturizer,100,50%,tinted moisturizer
alastin tinted moisturizer,2,50%,tinted moisturizer
tinted face moisturizer,28,40%,tinted moisturizer
tinted moisturizer spf,99,40%,tinted moisturizer
tinted sunscreen,38,40%,tinted moisturizer
tinted spf,96,40%,tinted moisturizer
rhode,6,Breakout,clean girl makeup
douyin makeup,5,Breakout,clean girl makeup
2016 makeup,6,250%,clean girl makeup
soft glam makeup,6,250%,clean girl makeup
makeup styles,9,140%,clean girl makeup
how to clean makeup brushes,19,140%,clean girl makeup
latina makeup,17,110%,clean girl makeup
make up,27,70%,clean girl makeup
cute makeup,24,60%,clean girl makeup
clean makeup for kids,8,60%,clean girl makeup
clean girl make up,28,50%,clean girl makeup
pinterest,15,50%,clean girl makeup
clean girl makeup tutorial,35,50%,clean girl makeup
soft girl makeup,17,50%,clean girl makeup
makeup tutorial,35,40%,clean girl makeup
korean makeup,7,30%,clean girl makeup
clean girl outfits,10,30%,clean girl makeup
no makeup makeup,28,20%,clean girl makeup
what is clean girl makeup,52,7%,clean girl makeup
clean girl nails,9,7%,clean girl makeup
no makeup makeup look,9,1%,clean girl makeup
how to do clean girl makeup,36,-2%,clean girl makeup
clean makeup brands,13,-2%,clean girl makeup
makeup looks,24,-3%,clean girl makeup
covergirl clean makeup,12,-9%,clean girl makeup
strawberry makeup,7,-10%,clean girl makeup
clean girl makeup look,100,-20%,clean girl makeup
clean girl makeup products,40,-20%,clean girl makeup
clean girl aesthetic,49,-30%,clean girl makeup
sephora,15,-40%,clean girl makeup
cover girl clean fresh,4,-60%,clean girl makeup
celimax the vita-a retinol shot tightening serum,1,Breakout,retinol serum
cerave resurfacing retinol serum 30 ml,1,Breakout,retinol serum
derma botanica overnight retinol serum,1,Breakout,retinol serum
volition semillon overnight retinol serum,0,Breakout,retinol serum
glow recipe blackberry retinol blemish serum,2,4900%,retinol serum
some by mi retinol intense reactivating serum,2,800%,retinol serum
iope retinol super bounce serum,1,750%,retinol serum
herbivore bakuchiol retinol alternative serum,1,350%,retinol serum
la roche-posay retinol b3 serum,6,350%,retinol serum
medik8 crystal retinal,1,300%,retinol serum
augustinus bader the retinol serum,1,300%,retinol serum
kiehl's retinol skin-renewing daily micro-dose serum,2,300%,retinol serum
provence beauty collagen and retinol night serum reviews,1,250%,retinol serum
top retinol serum,13,250%,retinol serum
medik8 retinol,3,200%,retinol serum
retinal vs retinol,3,170%,retinol serum
olay super serum,2,150%,retinol serum
dermalogica dynamic skin retinol serum,2,150%,retinol serum
retinol vs retinal,3,150%,retinol serum
roc retinol correxion line smoothing night serum capsules,1,140%,retinol serum
provence beauty collagen and retinol night serum,1,140%,retinol serum
korean retinol serum,9,130%,retinol serum
la roche posay retinol b3 serum,7,130%,retinol serum
trader joe's retinol night serum reviews,1,110%,retinol serum
bakuchiol retinol serum,9,100%,retinol serum
bakuchiol serum,9,100%,retinol serum
bakuchiol,9,90%,retinol serum
peptide serum,16,90%,retinol serum
biossance squalane retinol night serum,1,90%,retinol serum
retinal,10,90%,retinol serum
retinal serum,10,90%,retinol serum
retinol peptide serum,16,90%,retinol serum
naturium retinol complex serum,2,80%,retinol serum
retinol body lotion,5,80%,retinol serum
azelaic acid,5,80%,retinol serum
cerave resurfacing retinol serum reviews,3,80%,retinol serum
best retinol serum for mature skin,2,80%,retinol serum
roc retinol correxion deep wrinkle serum,5,70%,retinol serum
trader joe's retinol night serum,3,60%,retinol serum
obagi retinol,2,60%,retinol serum
clarins double serum,1,50%,retinol serum
naturium retinol,6,50%,retinol serum
cerave resurfacing retinol serum review,2,50%,retinol serum
pure retinol serum,10,50%,retinol serum
the inkey list retinol serum,4,50%,retinol serum
la roche posay,15,40%,retinol serum
la roche posay retinol,15,40%,retinol serum
spa life retinol night serum,1,30%,retinol serum
versed press restart gentle retinol serum,2,30%,retinol serum
roc retinol,20,30%,retinol serum
makeup advent calendar 2024,1,Breakout,skincare makeup
sincerely yours skincare,1,Breakout,skincare makeup
top-rated skincare clinics,0,Breakout,skincare makeup
luxury skincare products,2,900%,skincare makeup
anua skincare,1,700%,skincare makeup
high-end makeup brands,1,600%,skincare makeup
prequel skincare,1,550%,skincare makeup
premium skincare routines,0,300%,skincare makeup
ogee makeup,1,250%,skincare makeup
luxury makeup brands,2,190%,skincare makeup
summer fridays,2,180%,skincare makeup
skincare for kids,6,180%,skincare makeup
makeup for kids,6,170%,skincare makeup
tower 28,2,160%,skincare makeup
kids makeup,9,150%,skincare makeup
makeup with skincare benefits,2,110%,skincare makeup
skincare set,18,110%,skincare makeup
makeup set,18,100%,skincare makeup
laura geller makeup,1,100%,skincare makeup
bubble skincare set,1,100%,skincare makeup
makeup vanity,6,100%,skincare makeup
vanity,6,100%,skincare makeup
makeup sale,4,80%,skincare makeup
merit beauty,1,80%,skincare makeup
skincare sale,4,70%,skincare makeup
makeup kit,8,70%,skincare makeup
saie,2,70%,skincare makeup
byoma skincare,3,60%,skincare makeup
byoma,3,60%,skincare makeup
clinique,4,50%,skincare makeup
popular skincare brands,2,50%,skincare makeup
osea skincare,0,50%,skincare makeup
sol de janeiro,3,50%,skincare makeup
skincare sets,4,50%,skincare makeup
makeup sets,4,50%,skincare makeup
makeup gift sets,2,50%,skincare makeup
makeup bag,12,50%,skincare makeup
skincare bag,12,50%,skincare makeup
popular makeup brands,2,50%,skincare makeup
typology makeup,2,50%,skincare makeup
uggs,1,40%,skincare makeup
beauty of joseon,1,40%,skincare makeup
perfume,6,40%,skincare makeup
best skincare brands,5,30%,skincare makeup
lip gloss,2,30%,skincare makeup
skincare and makeup,100,30%,skincare makeup
makeup and skincare organizer,4,30%,skincare makeup
skincare and makeup organizer,4,30%,skincare makeup
typology,2,20%,skincare makeup
skincare products,32,20%,skincare makeup
